<?xml version="1.0" encoding="UTF-8"?>
<beans xmlns="http://www.springframework.org/schema/beans"
	xmlns:xsi="http://www.w3.org/2001/XMLSchema-instance"
	xsi:schemaLocation="http://www.springframework.org/schema/beans
   http://www.springframework.org/schema/beans/spring-beans-3.0.xsd">

	<bean id="engine1" class="com.yash.springioc6.Engine">
	<property name="engineType" value="Petrol engine"></property>
	<property name="enginePower" value="255 BHP"></property>
	<property name="engineName" value="1988 cc"></property>
	
	</bean>
	
	<bean id="vehicle" class="com.yash.springioc6.Vehicle">
		<property name="vehicleName" value="BMW 3"></property>
		<property name="vehicleType" value="SUV"></property>
		<property name="vehicleEngine" value="255 BHP"></property>
		<property name="vehicleMileage" value="15"></property>
		<property name="vehiclePrice" value="4700000"></property>
		<property name="engine" ref="engine1"></property>
		</bean>
	
		
	<bean id="engine2" class="com.yash.springioc6.Engine">
	<property name="engineType" value="Diesel engine"></property>
	<property name="enginePower" value="1000 BHP"></property>
	<property name="engineName" value="2500 cc"></property>
	
	</bean>
	
	<bean id="vehicle2" class="com.yash.springioc6.Vehicle">
		<property name="vehicleName" value="Eisher Truck"></property>
		<property name="vehicleType" value="Truck"></property>
		<property name="vehicleEngine" value="1000 BHP"></property>
		<property name="vehicleMileage" value="10"></property>
		<property name="vehiclePrice" value="2000000"></property>
		<property name="engine" ref="engine2"></property>
		</bean>
		
		</beans>