<?xml version="1.0" encoding="UTF-8"?>
<beans xmlns="http://www.springframework.org/schema/beans"
	xmlns:xsi="http://www.w3.org/2001/XMLSchema-instance"
	xsi:schemaLocation="http://www.springframework.org/schema/beans
   http://www.springframework.org/schema/beans/spring-beans-3.0.xsd">

	<bean id="movie1" class="com.yash.springioc.Movie">
		<property name="movieName">
			<list>
				<value>Gadar2 </value>
				<value>Rakshabandhan</value>
				<value>Karthikey2</value>
				<value>Rama rao on duty</value>
			</list>
		</property>
		<property name="movieTiming">
			<list>
				<value>11:00 AM to 2:00 PM</value>
				<value>11:00 AM to 1:30 PM</value>
				<value>2:00 PM to 5:00 PM</value>
				<value>11:00 AM to 2:00 PM</value>
			</list>
		</property>



	</bean>

	<bean id="cinemaHall1" class="com.yash.springioc.CinemaHall">
		<property name="cinemaHallName">
			<list>
				<value>Vikas</value>
				<value>Satyam</value>
				<value>CityPride</value>
				<value>Mangala</value>
			</list>
		</property>
		<property name="movie" ref="movie1"></property>

	</bean>
	<bean id="city1" class="com.yash.springioc.City">
		<property name="cityName">
			<list>
				<value>Manchar</value>
				<value>Rajgurunagar</value>
				<value>Pimpri</value>
				<value>Shivajinagar</value>
			</list>
		</property>
		<property name="cinemaHall" ref="cinemaHall1"></property>

	</bean>
</beans>