<?xml version="1.0" encoding="UTF-8"?>
<beans xmlns="http://www.springframework.org/schema/beans"
	xmlns:xsi="http://www.w3.org/2001/XMLSchema-instance"
	xsi:schemaLocation="http://www.springframework.org/schema/beans
   http://www.springframework.org/schema/beans/spring-beans-3.0.xsd">

	<bean id="rectangle" class="com.yash.springioc2.Rectangle">
		<property name="length" value="3.0"/>
		<property name="width" value="4.5"/>
	</bean>
	
	<bean id="triangle" class="com.yash.springioc2.Triangle">
		<property name="height" value="3.5"/>
		<property name="base" value="6.5"/>
	</bean>
	
	<bean id="parallelogram" class="com.yash.springioc2.Parallelogram">
		<property name="base" value="4.5"/>
		<property name="height" value="7.5"/>
	</bean>
	
	
	
	</beans>